{
  "total_questions": 10,
  "average_scores": {
    "faithfulness": 0.38435439560439566,
    "answer_relevancy": 0.32644730777795405,
    "context_precision": 0.7749999999695832,
    "context_recall": 0.65,
    "answer_correctness": 0.4283297007470507
  },
  "best_performing_metric": "context_precision",
  "worst_performing_metric": "answer_relevancy",
  "overall_score": 0.5128262808197968,
  "problematic_questions": 10
}